,Gold,VIX,DXY,QQQ,Oil_WTI,DJP,TIPS_10yr,Breakeven,Fed_Rate,Credit_Spread,CPI,M2,EPU,CB_Net_Purchases,ETF_Flow,Jewellery,Technology,Bar_Coin,Gold_Real,M2_Growth
2004-01-31,402.20001220703125,16.6299991607666,87.19999694824219,31.248685836791992,33.04999923706055,,1.85,2.31,1.03,2.19,186.3,6082.1,96.56646,,,,,,215.88835867258788,
2004-02-29,396.3999938964844,14.550000190734863,87.30999755859375,30.82722282409668,36.15999984741211,,1.61,2.38,1.04,2.21,186.7,6121.8,99.4573,,,,,,212.31922544000236,
2004-03-31,427.29998779296875,16.739999771118164,87.61000061035156,30.21183967590332,35.7599983215332,,1.48,2.38,1.05,2.29,187.1,6157.9,96.78947,,,,,,228.38053863867918,
2004-04-30,387.0,17.190000534057617,90.4800033569336,29.309873580932617,37.380001068115234,,2.11,2.42,1.03,2.05,187.4,6198.9,94.11529,,,,,,206.5101387406617,
2004-05-31,394.0,15.5,88.94999694824219,30.810335159301758,39.880001068115234,,2.0,2.66,1.02,2.03,188.2,6275.7,92.32118,,,,,,209.3517534537726,
2004-06-30,392.6000061035156,14.34000015258789,88.80000305175781,31.8134822845459,37.04999923706055,,2.1,2.52,1.38,2.09,188.9,6277.9,85.34598,,,,,,207.83483647618613,
2004-07-31,391.0,15.319999694824219,89.95999908447266,29.411043167114258,43.79999923706055,,2.01,2.49,1.29,2.1,189.1,6291.1,87.54419,,,,,,206.76890534108935,
2004-08-31,410.3999938964844,15.289999961853027,88.94000244140625,28.677654266357422,42.119998931884766,,1.78,2.35,1.55,2.19,189.2,6317.8,85.92587,,,,,,216.913316012941,
2004-09-30,418.70001220703125,13.34000015258789,87.36000061035156,29.62177276611328,49.63999938964844,,1.77,2.37,1.94,2.11,189.8,6352.2,100.01189,,,,,,220.60063867599115,
2004-10-31,428.5,16.270000457763672,84.91000366210938,31.105388641357422,51.7599983215332,,1.63,2.42,1.79,2.09,190.8,6379.8,105.69511,,,,,,224.58071278825992,
2004-11-30,451.29998779296875,13.239999771118164,81.81999969482422,32.976776123046875,49.130001068115234,,1.75,2.61,2.02,1.95,191.7,6406.3,95.24086,,,,,,235.41992060144432,
2004-12-31,437.5,13.289999961853027,80.8499984741211,33.97343826293945,43.45000076293945,,1.68,2.56,1.97,1.86,191.7,6424.5,77.59643,,,,,,228.22117892540427,
2005-01-31,421.79998779296875,12.819999694824219,83.5999984741211,31.828824996948242,48.20000076293945,,1.65,2.49,2.5,1.75,191.6,6430.8,73.91848,,,,,,220.14613141595447,5.733217145393854
2005-02-28,436.5,12.079999923706055,82.51000213623047,31.675642013549805,51.75,,1.7,2.66,2.52,1.59,192.4,6438.9,58.95005,,,,,,226.87110187110187,5.179849064000774
2005-03-31,428.70001220703125,14.020000457763672,84.05999755859375,31.122478485107422,55.400001525878906,,1.79,2.71,2.96,1.64,193.1,6448.3,57.55796,,,,,,222.0093279166397,4.715893405219318
2005-04-30,435.0,15.3100004196167,84.43000030517578,29.769319534301758,49.720001220703125,,1.61,2.6,2.97,1.76,193.7,6461.8,74.56597,,,,,,224.57408363448633,4.241075029440711
2005-05-31,416.29998779296875,13.289999961853027,87.76000213623047,32.40754318237305,51.970001220703125,,1.63,2.37,3.09,1.9,193.6,6479.0,70.50812,,,,,,215.03098543025249,3.2394792612776335
2005-06-30,435.8999938964844,12.039999961853027,89.11000061035156,31.330108642578125,56.5,,1.67,2.27,3.35,1.87,193.7,6511.7,74.56133,,,,,,225.0387165185774,3.724175281543185
2005-07-31,429.8999938964844,11.569999694824219,89.3499984741211,33.7152099609375,60.56999969482422,,1.92,2.36,3.31,1.67,194.9,6543.5,68.71645,,,,,,220.574650536934,4.0120169763634195
2005-08-31,433.79998779296875,12.600000381469727,87.58000183105469,33.2041130065918,68.94000244140625,,1.65,2.37,3.63,1.77,196.1,6576.3,64.39586,,,,,,221.21366027178416,4.091614169489377
2005-09-30,469.0,11.920000076293945,89.5199966430664,33.612998962402344,66.23999786376953,,1.78,2.56,3.93,1.81,198.8,6610.1,91.40605,,,,,,235.91549295774647,4.060010704952632
2005-10-31,465.1000061035156,15.319999694824219,90.06999969482422,33.11043167114258,59.7599983215332,,2.0,2.57,4.02,1.83,199.1,6643.9,76.16369,,,,,,233.60120848996266,4.139628201511014
2005-11-30,494.6000061035156,12.0600004196167,91.56999969482422,35.129249572753906,57.31999969482422,,2.12,2.37,4.03,1.89,198.1,6660.7,72.21598,,,,,,249.67188596845818,3.971090957338874
2005-12-31,517.0999755859375,12.069999694824219,91.16999816894531,34.50526809692383,61.040000915527344,,2.06,2.33,4.09,1.82,198.1,6687.8,78.04893,,,,,,261.0297706137998,4.098373414273482
2006-01-31,570.7999877929688,12.949999809265137,88.95999908447266,35.862937927246094,67.91999816894531,,2.0,2.53,4.47,1.78,199.3,6730.1,79.17535,,,,,,286.4024023045503,4.654164334141941
2006-02-28,561.5999755859375,12.34000015258789,90.11000061035156,35.09443664550781,61.40999984741211,,2.02,2.53,4.52,1.65,199.4,6754.7,72.69299,,,,,,281.6449225606507,4.904564444237369
2006-03-31,581.7999877929688,11.390000343322754,89.7300033569336,35.82828903198242,66.62999725341797,,2.35,2.51,5.0,1.69,199.7,6769.3,64.22933,,,,,,291.3369993955778,4.978056231875061
2006-04-30,651.7999877929688,11.59000015258789,86.11000061035156,35.75991439819336,71.87999725341797,,2.39,2.68,4.86,1.67,200.7,6806.9,79.76153,,,,,,324.76332226854447,5.340617165495676
2006-05-31,642.5,16.440000534057617,84.72000122070312,33.17085647583008,71.29000091552734,,2.48,2.64,5.05,1.66,201.3,6813.7,70.83626,,,,,,319.17536015896667,5.165920666769552
2006-06-30,613.5,13.079999923706055,85.22000122070312,33.15043258666992,73.9800033569336,,2.54,2.61,5.05,1.67,201.8,6851.8,79.49433,,,,,,304.013875123885,5.222906460678467
2006-07-31,634.2000122070312,14.949999809265137,85.30000305175781,31.722475051879883,74.4000015258789,,2.41,2.58,5.31,1.68,202.9,6893.6,80.56231,,,,,,312.56777338936973,5.350347673263545
2006-08-31,625.9000244140625,12.3100004196167,85.05000305175781,33.23594284057617,70.26000213623047,,2.24,2.5,5.31,1.73,203.8,6925.1,72.76996,,,,,,307.1148304288825,5.303894287061106
2006-09-30,598.5999755859375,11.979999542236328,85.97000122070312,34.77793502807617,62.90999984741211,,2.27,2.37,5.34,1.72,202.8,6952.4,67.06754,,,,,,295.1676408214682,5.178439055384931
2006-10-31,604.0999755859375,11.100000381469727,85.31999969482422,36.429141998291016,58.72999954223633,48.52000045776367,2.34,2.27,5.31,1.64,201.9,7001.7,63.46447,,,,,,299.2075163872895,5.385391110642845
2006-11-30,646.9000244140625,10.90999984741211,82.91999816894531,37.6782341003418,63.130001068115234,51.16999816894531,2.16,2.3,5.31,1.64,202.0,7037.2,62.51985,,,,,,320.2475368386448,5.652559040341099
2006-12-31,635.2000122070312,11.5600004196167,83.72000122070312,36.97035598754883,61.04999923706055,48.939998626708984,2.41,2.3,5.17,1.64,203.1,7080.1,63.37041,,,,,,312.75234475973963,5.865905080893574
2007-01-31,652.0,10.420000076293945,84.61000061035156,37.749847412109375,58.13999938964844,48.95000076293945,2.4,2.43,5.33,1.57,203.437,7118.3,79.01967,,,,,,320.4923391516784,5.768116372713616
2007-02-28,669.4000244140625,15.420000076293945,83.56999969482422,37.115970611572266,61.790000915527344,50.52000045776367,2.2,2.36,5.41,1.6,204.226,7134.3,57.20262,,,,,,327.77414453304795,5.619790664278201
2007-03-31,663.0,14.640000343322754,82.93000030517578,37.3107795715332,65.87000274658203,50.81999969482422,2.21,2.44,5.3,1.75,205.288,7168.2,69.88729,,,,,,322.96091344842364,5.892780642016149
2007-04-30,680.5,14.220000267028809,81.44999694824219,39.39360046386719,65.70999908447266,51.400001525878906,2.2,2.43,5.29,1.68,205.904,7240.7,62.50171,,,,,,330.49382236382,6.372945099825178
2007-05-31,661.0,13.050000190734863,82.30000305175781,40.636444091796875,64.01000213623047,51.54999923706055,2.54,2.36,5.28,1.6,206.755,7254.6,74.68187,,,,,,319.70206282798483,6.470786797188022
2007-06-30,648.0999755859375,16.229999542236328,81.91999816894531,40.8311767578125,70.68000030517578,50.7599983215332,2.65,2.38,5.31,1.59,207.234,7287.8,73.29654,,,,,,312.7382454548662,6.363291397880855
2007-07-31,666.9000244140625,23.520000457763672,80.7699966430664,40.77114486694336,78.20999908447266,51.689998626708984,2.44,2.34,5.28,1.85,207.603,7318.7,59.32398,,,,,,321.23814415690646,6.166589300220493
2007-08-31,673.0,23.3799991607666,80.79000091552734,41.92060089111328,74.04000091552734,49.81999969482422,2.34,2.2,4.96,2.05,207.667,7394.8,89.10405,,,,,,324.07652636191597,6.782573536844239
2007-09-30,742.7999877929688,18.0,77.72000122070312,44.12232971191406,81.66000366210938,53.779998779296875,2.27,2.32,4.58,2.0,208.547,7413.0,100.74438,,,,,,356.17869726870623,6.625050342327832
2007-10-31,792.0,18.530000686645508,76.4800033569336,47.22914505004883,94.52999877929688,55.63999938964844,2.14,2.34,4.6,1.99,209.19,7428.1,89.45453,,,,,,378.6031837085903,6.089949583672549
2007-11-30,782.2000122070312,22.8700008392334,76.1500015258789,44.0364990234375,88.70999908447266,53.869998931884766,1.63,2.34,4.66,2.47,210.834,7453.6,102.44111,,,,,,371.00278522772953,5.9171261297106925
2007-12-31,834.9000244140625,22.5,76.69999694824219,44.00509262084961,95.9800033569336,56.22999954223633,1.73,2.31,3.06,2.52,211.445,7483.9,108.54379,,,,,,394.85446542318925,5.703309275292701
2008-01-31,922.7000122070312,26.200000762939453,75.18000030517578,38.77292251586914,91.75,58.54999923706055,1.33,2.34,3.22,2.96,212.174,7517.5,144.98473,,,,,,434.8789258849017,5.608080581037611
2008-02-29,972.0999755859375,26.540000915527344,73.70999908447266,36.90000915527344,101.83999633789062,65.66999816894531,1.1,2.43,3.01,3.22,212.687,7604.0,108.10469,,,,,,457.05660223047835,6.583687257334292
2008-03-31,916.2000122070312,25.610000610351562,71.80000305175781,37.59089279174805,101.58000183105469,61.400001525878906,1.11,2.34,2.51,3.45,213.448,7670.0,111.71236,,,,,,429.23804027539785,7.000362713093944
2008-04-30,862.7999877929688,20.790000915527344,72.51000213623047,40.591617584228516,113.45999908447266,64.12999725341797,1.5,2.27,2.37,3.1,213.942,7712.5,102.1969,,,,,,403.2868664371506,6.515944590992584
2008-05-31,887.2999877929688,17.829999923706055,72.87999725341797,42.99911117553711,127.3499984741211,65.5,1.58,2.48,1.98,3.0,215.208,7725.2,94.28405,,,,,,412.29879362893985,6.486918644721951
2008-06-30,926.2000122070312,23.950000762939453,72.45999908447266,38.864707946777344,140.0,71.51000213623047,1.48,2.51,2.47,3.05,217.463,7743.9,94.55676,,,,,,425.9115399893459,6.258404456763356
2008-07-31,913.9000244140625,22.940000534057617,73.2300033569336,39.11424255371094,124.08000183105469,62.79999923706055,1.65,2.34,2.09,3.22,219.016,7791.2,109.78898,,,,,,417.27546134257886,6.456064601636902
2008-08-31,829.2999877929688,20.649999618530273,77.37999725341797,39.682106018066406,115.45999908447266,58.16999816894531,1.68,2.15,1.94,3.29,218.69,7805.8,95.87075,,,,,,379.21257844115814,5.557959647319732
2008-09-30,874.2000122070312,39.38999938964844,79.44999694824219,33.50113296508789,100.63999938964844,51.540000915527344,2.25,1.6,2.03,4.0,218.877,7872.4,187.7403,,,,,,399.4024096670875,6.197221098070949
2008-10-31,716.7999877929688,59.88999938964844,85.62999725341797,28.317955017089844,67.80999755859375,40.45000076293945,3.14,0.87,0.22,5.53,216.995,7974.9,189.91729,,,,,,330.3301863144168,7.361236386155268
2008-11-30,816.2000122070312,55.279998779296875,86.5199966430664,25.072031021118164,54.43000030517578,37.029998779296875,2.6,0.33,0.52,6.1,213.153,8027.0,148.84257,,,,,,382.9174406210709,7.692926907802944
2008-12-31,883.5999755859375,40.0,81.30999755859375,25.64301300048828,44.599998474121094,35.189998626708984,2.14,0.11,0.14,5.82,211.398,8204.7,145.9947,,,,,,417.97934492565565,9.6313419473804
2009-01-31,927.2999877929688,44.84000015258789,86.0,25.05669403076172,41.68000030517578,33.38999938964844,1.73,1.14,0.23,5.38,211.933,8289.0,171.94621,,,,,,437.54393501388114,10.26272031925508
2009-02-28,941.5,46.349998474121094,88.01000213623047,23.737459182739258,44.7599983215332,31.860000610351562,2.06,0.96,0.22,5.22,212.705,8319.3,187.11403,,,,,,442.6318140147152,9.406891109942128
2009-03-31,922.5999755859375,44.13999938964844,85.43000030517578,26.186344146728516,49.65999984741211,33.04999923706055,1.43,1.28,0.16,5.74,212.495,8386.4,166.90338,,,,,,434.1749102736241,9.34028683181225
2009-04-30,890.7000122070312,36.5,84.61000061035156,29.606462478637695,51.119998931884766,33.310001373291016,1.69,1.47,0.2,5.08,212.709,8391.1,131.85612,,,,,,418.7411027305056,8.798703403565655
2009-05-31,978.7999877929688,28.920000076293945,80.43000030517578,30.556501388549805,66.30999755859375,37.91999816894531,1.67,1.8,0.19,4.29,213.022,8449.2,138.80585,,,,,,459.4830523574883,9.371925645937985
2009-06-30,927.0999755859375,26.350000381469727,80.12999725341797,31.45879554748535,69.88999938964844,37.13999938964844,1.78,1.75,0.22,3.64,214.79,8459.3,130.93348,,,,,,431.6308839265969,9.238239130154046
2009-07-31,953.7000122070312,25.920000076293945,78.3499984741211,34.113502502441406,69.44999694824219,38.27000045776367,1.71,1.81,0.18,3.11,214.726,8463.5,126.28215,,,,,,444.1474307755145,8.628966012937678
2009-08-31,951.7000122070312,26.010000228881836,78.16999816894531,34.61506271362305,69.95999908447266,37.84000015258789,1.76,1.64,0.15,2.98,215.445,8463.0,152.55009,,,,,,441.73687586485244,8.41938046068309
2009-09-30,1008.0,25.610000610351562,76.6500015258789,36.570098876953125,70.61000061035156,38.560001373291016,1.56,1.75,0.07,2.86,215.861,8461.6,145.44437,,,,,,466.96716868725713,7.484375793912923
2009-10-31,1039.699951171875,30.690000534057617,76.30000305175781,35.45352554321289,77.0,39.90999984741211,1.41,2.0,0.11,2.86,216.509,8487.9,138.13055,,,,,,480.2109617484146,6.432682541473866
2009-11-30,1181.0999755859375,24.510000228881836,74.87999725341797,37.70399856567383,77.27999877929688,41.33000183105469,1.13,2.08,0.13,2.99,217.234,8517.0,116.16231,,,,,,543.699409662363,6.104397657904581
2009-12-31,1095.199951171875,21.68000030517578,77.86000061035156,39.66566848754883,79.36000061035156,42.2599983215332,1.48,2.37,0.05,2.54,217.347,8512.2,121.22101,,,,,,503.8946712730679,3.7478518410179573
2010-01-31,1083.0,24.6200008392334,79.45999908447266,37.099334716796875,72.88999938964844,38.91999816894531,1.3,2.33,0.12,2.57,217.488,8477.7,149.35928,,,,,,497.9585080556169,2.2765110387260368
2010-02-28,1118.300048828125,19.5,80.36000061035156,38.80732727050781,79.66000366210938,40.459999084472656,1.48,2.13,0.13,2.62,217.281,8527.3,132.79865,,,,,,514.6791706721365,2.5002103542365317
2010-03-31,1113.300048828125,17.59000015258789,81.06999969482422,41.79972839355469,83.76000213623047,39.86000061035156,1.6,2.24,0.09,2.47,217.353,8523.5,137.47003,59.71023066,21.96645074,564.07282736,115.84653065,261.36643471,512.2082735587386,1.6347896594486322
2010-04-30,1180.0999755859375,22.049999237060547,81.87000274658203,42.737098693847656,86.1500015258789,40.619998931884766,1.29,2.4,0.2,2.38,217.403,8554.8,137.0774,44.711557975384615,113.75290385428572,520.7818713325274,116.08076697747254,280.4161538506594,542.8167852264861,1.9508765239360626
2010-05-31,1212.199951171875,32.06999969482422,86.4800033569336,39.57781219482422,73.97000122070312,37.75,1.32,1.99,0.19,2.89,217.29,8609.0,151.10342,29.212929534615384,208.5989054057143,476.04788343747254,116.32281118252747,300.10086362934067,557.871945865836,1.891303318657389
2010-06-30,1245.5,34.540000915527344,86.0199966430664,37.212772369384766,75.62999725341797,37.63999938964844,1.15,1.82,0.09,3.08,217.199,8628.1,140.56916,14.21425685,300.38535852,432.75692741,116.55704751,319.15058277,573.4372626024982,1.9954369746906009
2010-07-31,1181.699951171875,23.5,81.54000091552734,39.91376876831055,78.94999694824219,40.34000015258789,1.14,1.8,0.18,2.91,217.605,8639.5,180.01446,17.52371698619565,217.22371192630436,475.77385176032607,117.66192285336956,322.2849934978261,543.0481611966063,2.0795179299344158
2010-08-31,1248.300048828125,26.049999237060547,83.19999694824219,37.86623001098633,71.91999816894531,39.36000061035156,0.95,1.52,0.21,3.01,217.923,8687.9,147.30909,20.833177122391305,134.0620653326087,518.7907761106521,118.76679819673913,325.41940422565216,572.8170265773347,2.6574500768049125
2010-09-30,1307.800048828125,23.700000762939453,78.72000122070312,42.85429000854492,79.97000122070312,42.279998779296875,0.75,1.78,0.15,3.05,218.275,8718.7,182.14672,24.03588048,53.5830525,560.42005774,119.8360324,328.45270493,599.152467679819,3.038432447764028
2010-10-31,1357.0999755859375,21.200000762939453,77.2699966430664,45.57032775878906,81.43000030517578,44.470001220703125,0.5,2.13,0.2,3.15,219.035,8768.4,163.42489,9.598726946630435,45.940015206630434,550.6101720346738,118.13107986032608,331.3816380848913,619.5813343008822,3.3047043438306334
2010-11-30,1385.0,23.540000915527344,81.19999694824219,45.49174499511719,84.11000061035156,44.27000045776367,0.74,2.07,0.2,3.03,219.59,8789.0,179.13559,-4.372711956630432,38.54352750336957,541.1167342553262,116.48112578967391,334.2160895251087,630.7208889293684,3.1936127744510934
2010-12-31,1421.0999755859375,17.75,79.02999877929688,47.65583038330078,91.37999725341797,49.119998931884766,1.0,2.3,0.13,2.68,220.472,8823.2,165.40785,-18.80986549,30.90049021,531.30684855,114.77617325,337.14502268,644.5716352126063,3.6535795681492456
2011-01-31,1333.800048828125,19.530000686645508,77.73999786376953,49.00341796875,92.19000244140625,49.540000915527344,1.08,2.34,0.17,2.68,221.187,8849.0,142.17046,36.739939244999995,1.9301443715555564,558.424337157,114.11377994055556,361.08318031677777,603.0191868546185,4.379725633131626
2011-02-28,1409.300048828125,18.350000381469727,76.88999938964844,50.55229187011719,96.97000122070312,50.33000183105469,1.03,2.39,0.16,2.57,221.898,8913.3,145.5089,86.91395642499998,-24.236619611555554,582.917552673,113.51548920944444,382.7047420532222,635.1116498698163,4.52663797450541
2011-03-31,1438.9000244140625,17.739999771118164,75.86000061035156,50.325653076171875,106.72000122070312,51.349998474121094,0.99,2.48,0.1,2.58,223.046,8971.5,174.35437,142.46376116,-53.20696545,610.03504128,112.8530959,406.64289969,645.1135749639368,5.256056784184904
2011-04-30,1556.0,14.75,72.93000030517578,51.771549224853516,113.93000030517578,53.11000061035156,0.75,2.57,0.09,2.58,224.093,9035.1,157.49588,118.39157790615384,-16.83233790164835,586.6375815283517,113.48773528131868,385.17672724384613,694.3545760019279,5.6143919203254455
2011-05-31,1535.9000244140625,15.449999809265137,74.63999938964844,51.1406364440918,102.69999694824219,50.33000183105469,0.8,2.25,0.1,2.65,224.806,9107.8,126.19207,93.51698854384615,20.754777231648347,562.4602064516483,114.14352930868132,362.99501571615383,683.2113130495015,5.793936577999759
2011-06-30,1502.300048828125,16.520000457763672,74.30000305175781,50.10478591918945,95.41999816894531,47.22999954223633,0.75,2.43,0.07,2.72,224.806,9182.1,158.08862,69.44480529,57.12940478,539.0627467,114.77816869,341.52884327,668.2651036129485,6.420880611026769
2011-07-31,1628.300048828125,25.25,73.9000015258789,50.93913269042969,95.69999694824219,49.130001068115234,0.38,2.44,0.11,2.77,225.395,9344.2,197.91636,96.18676459956522,75.68395129956522,529.4170941256522,113.69845502565218,370.94843960554346,722.4206609854367,8.156722032525042
2011-08-31,1828.5,31.6200008392334,74.12999725341797,48.3570442199707,88.80999755859375,49.470001220703125,0.18,2.05,0.08,3.25,226.106,9531.0,245.12671,122.92872390913044,94.23849781913043,519.7714415513044,112.61874136130434,400.36803594108693,808.6914986776113,9.704301384684456
2011-09-30,1620.4000244140625,42.959999084472656,78.55000305175781,46.185428619384766,79.19999694824219,41.7400016784668,0.17,1.75,0.06,3.3,226.597,9551.5,204.62979,148.80803937,112.19451058,510.43693906,111.57385717,428.83861304,715.1021524618872,9.551882734811379
2011-10-31,1724.199951171875,29.959999084472656,76.16999816894531,50.989620208740234,93.19000244140625,44.7400016784668,0.08,2.09,0.09,3.02,226.75,9584.4,159.73957,139.12453305619565,116.76690630543479,498.1173592397826,107.21277761478261,405.9066570952174,760.3968913657662,9.306144792664561
2011-11-30,1745.5,27.799999237060547,78.38999938964844,49.61697769165039,100.36000061035156,43.849998474121094,0.03,2.05,0.1,3.24,227.169,9636.5,166.33902,129.75339791380435,121.19180539456522,486.19518522021735,102.9923780452174,383.7144416647826,768.3706843803511,9.642735237228361
2011-12-31,1565.800048828125,23.399999618530273,80.16999816894531,49.31224822998047,98.83000183105469,42.2400016784668,-0.07,1.96,0.04,3.27,227.223,9683.9,189.39836,120.0698916,125.76420112,473.8756054,98.63129849,360.78248572,689.1027971763972,9.754964185329573
2012-01-31,1737.800048828125,19.440000534057617,79.27999877929688,53.463558197021484,98.4800033569336,43.0,-0.28,2.11,0.11,3.24,227.842,9757.6,178.28653,120.88888144824176,104.24671122516483,503.25581350230766,100.11515176307692,358.3925223448352,762.7215565295796,10.267826873093
2012-02-29,1709.9000244140625,18.43000030517578,78.7300033569336,56.89059829711914,107.06999969482422,44.220001220703125,-0.28,2.26,0.1,3.1,228.329,9809.8,149.63708,121.65503324175825,84.11744648483517,530.7405243076922,101.50327256692309,356.15675015516484,748.875536797368,10.058003208688149
2012-03-31,1669.300048828125,15.5,78.93000030517578,59.76530838012695,103.0199966430664,42.31999969482422,-0.09,2.32,0.09,3.07,228.807,9853.9,137.55312,122.47402309,62.59995659,560.12073241,102.98712584,353.76678678,729.5668615156552,9.835590480967493
2012-04-30,1663.4000244140625,17.149999618530273,78.79000091552734,59.066375732421875,104.87000274658203,42.119998931884766,-0.3,2.25,0.16,3.2,229.187,9907.7,136.59669,138.36939891967032,41.48343673835165,539.3551149264835,101.82427407516484,336.6521576854945,725.7828866445576,9.657889785392527
2012-05-31,1562.5999755859375,24.059999465942383,83.04000091552734,54.90799331665039,86.52999877929688,38.02000045776367,-0.5,2.09,0.16,3.4,228.713,9951.4,158.56198,154.79462061032967,19.663032891648356,517.8973101935164,100.62266058483517,318.96704095450553,683.2143234472626,9.262390478490978
2012-06-30,1603.5,17.079999923706055,81.6500015258789,56.896446228027344,84.95999908447266,40.18000030517578,-0.46,2.13,0.09,3.39,228.524,10021.6,194.61057,170.68999644,-1.45348696,497.13169271,99.45980882,301.85241186,701.6768479459488,9.142788686683879
2012-07-31,1610.5,18.93000030517578,82.63999938964844,57.463993072509766,88.05999755859375,42.93000030517578,-0.69,2.2,0.13,3.27,228.59,10074.5,184.8797,152.85349242423914,47.33815870456522,515.4336427618479,98.78325123391305,303.89752717391303,704.5365064088543,7.815543331692387
2012-08-31,1684.5999755859375,17.469999313354492,81.25,60.44361114501953,96.47000122070312,43.529998779296875,-0.68,2.25,0.13,3.21,229.918,10145.6,152.35347,135.01698840847826,96.12980436913043,533.7355928136957,98.10669364782609,305.9426424878261,732.6959940439364,6.448431434267121
2012-09-30,1771.0999755859375,15.729999542236328,79.94000244140625,60.98059844970703,92.19000244140625,44.209999084472656,-0.77,2.42,0.09,3.07,231.015,10226.1,175.27705,117.75585549,143.34752598,551.44715738,97.4519605,307.92178634,766.6601630136302,7.062765010731309
2012-10-31,1717.5,18.600000381469727,79.91999816894531,57.761260986328125,86.23999786376953,42.349998474121094,-0.78,2.5,0.18,2.73,231.638,10292.4,165.94452,131.40514128391305,124.71165176913044,552.1485578876087,95.12273416217391,332.13370472510866,741.4586553156217,7.38700388130713
2012-11-30,1710.9000244140625,15.869999885559082,80.1500015258789,58.51717758178711,88.91000366210938,42.47999954223633,-0.79,2.41,0.16,2.95,231.249,10361.9,187.49064,144.61412753608695,106.67693479086957,552.8273325723914,92.86864415782608,355.5645934848913,739.8518585654695,7.527629326000107
2012-12-31,1674.800048828125,18.020000457763672,79.7699966430664,58.24393844604492,91.81999969482422,41.349998474121094,-0.67,2.45,0.09,2.85,231.221,10484.1,192.82518,158.26341333,88.04106058,553.52873308,90.53941782,379.77651187,724.3286936861812,8.263199743904837
2013-01-31,1660.5999755859375,14.279999732971191,79.20999908447266,59.79998779296875,97.48999786376953,42.29999923706055,-0.57,2.59,0.15,2.82,231.679,10508.1,157.5333,162.49459387844445,-8.019688246444431,574.0780487093333,90.89447680222221,402.7938132805555,716.7675860073366,7.6914405181601975
2013-02-28,1577.699951171875,15.510000228881836,81.9800033569336,60.00565719604492,92.05000305175781,40.36000061035156,-0.64,2.53,0.14,2.89,232.937,10527.5,114.65412,166.31630534155553,-94.78423557355553,592.6387208906667,91.21517523777779,423.5836339094445,677.3075772298411,7.316153234520595
2013-03-31,1594.800048828125,12.699999809265137,82.98999786376953,61.820682525634766,97.2300033569336,40.619998931884766,-0.64,2.51,0.09,2.96,232.282,10583.8,124.94082,170.54748589,-190.8449844,613.18803652,91.57023422,446.60093532,686.5792652156108,7.407219476552429
2013-04-30,1472.199951171875,13.520000457763672,81.7300033569336,63.389305114746094,93.45999908447266,39.470001220703125,-0.64,2.34,0.14,2.83,231.797,10611.3,118.71049,174.13689773945055,-266.91665616923075,680.4775799958242,92.58183488593407,497.7508343156044,635.1246785643796,7.101547281407372
2013-05-31,1392.5999755859375,16.299999237060547,83.37999725341797,65.65704345703125,91.97000122070312,38.310001373291016,-0.05,2.21,0.09,2.79,231.893,10646.1,104.30455,177.84595665054945,-345.5240503307692,750.0101082541759,93.62715557406594,550.6057299443955,600.535581318081,6.980927306710627
2013-06-30,1223.800048828125,16.860000610351562,83.16999816894531,64.0843505859375,96.55999755859375,36.4900016784668,0.53,1.99,0.07,2.83,232.445,10703.3,114.61614,181.4353685,-421.5957221,817.29965173,94.63875624,601.75562894,526.4901584581836,6.802307016843612
2013-07-31,1312.4000244140625,13.449999809265137,81.44999694824219,68.13067626953125,105.02999877929688,37.0099983215332,0.38,2.22,0.09,2.68,232.9,10742.8,94.03991,163.05300179630436,-321.0596722559782,776.9015300616304,93.52751480065217,508.9551255043478,563.5036601176739,6.633579830264513
2013-08-31,1396.0999755859375,17.010000228881836,82.08999633789062,67.86090087890625,107.6500015258789,38.459999084472656,0.68,2.1,0.07,2.56,233.456,10801.2,102.77067,144.6706350926087,-220.5236224119565,736.5034083932609,92.41627336130435,416.15462206869563,598.0141763698246,6.46191452452296
2013-09-30,1326.5,16.600000381469727,80.22000122070312,71.14009857177734,102.33000183105469,37.2599983215332,0.45,2.19,0.06,2.75,233.544,10862.0,144.40178,126.88124796,-123.23067095,697.40845194,91.34087842,326.34768326,567.9871887096222,6.218401932310447
2013-10-31,1323.5999755859375,13.75,80.19999694824219,74.66645050048828,96.37999725341797,36.619998931884766,0.4,2.17,0.07,2.65,233.669,10986.3,171.02225,134.86880283684783,-146.92472295945652,678.2278826696739,89.25462010826087,337.12445204423915,566.4422647359887,6.741867785939126
2013-11-30,1250.5999755859375,13.699999809265137,80.68000030517578,77.31796264648438,92.72000122070312,36.310001373291016,0.6,2.15,0.07,2.61,234.1,10995.6,89.90614,142.59869465315217,-169.85445071054346,659.666041440326,87.23566045173914,347.55358312576084,534.2161365168464,6.115673766394192
2013-12-31,1201.9000244140625,13.720000267028809,80.04000091552734,79.58111572265625,98.41999816894531,36.75,0.8,2.24,0.07,2.33,234.719,11060.1,104.60212,150.58624953,-193.54850272,640.48547217,85.14940214,358.33035191,512.0591108576905,5.4940338226457275
2014-01-31,1240.0999755859375,18.40999984741211,81.2699966430664,78.0521011352539,97.48999786376953,36.79999923706055,0.53,2.14,0.07,2.4,235.288,11130.8,93.50074,139.6369537951111,-129.69805691655554,631.8037548698888,85.04013599911111,335.2843553253333,527.0561930850437,5.925904778218705
2014-02-28,1321.4000244140625,14.0,79.77999877929688,82.07371520996094,102.58999633789062,39.33000183105469,0.49,2.17,0.06,2.35,235.547,11196.8,88.98535,129.7472673248889,-72.02668651344445,623.9622037601112,84.9414440008889,314.46861647466665,560.992084133554,6.3576347660888155
2014-03-31,1283.4000244140625,13.880000114440918,80.0999984741211,79.83016967773438,101.58000183105469,39.45000076293945,0.6,2.13,0.06,2.26,236.028,11232.6,93.46759,118.79797159,-8.17624071,615.28048646,84.83217786,291.42261989,543.7490570669847,6.130123396133724
2014-04-30,1295.5999755859375,13.40999984741211,79.48999786376953,79.57518768310547,99.73999786376953,40.52000045776367,0.49,2.18,0.09,2.16,236.468,11277.7,91.11802,135.54467481637363,-12.999257069340658,616.7926420281319,85.91346289846153,276.8994961086813,547.8965338168114,6.28009763176991
2014-05-31,1245.5999755859375,11.399999618530273,80.37000274658203,83.14464569091797,102.70999908447266,39.189998626708984,0.26,2.22,0.08,2.22,236.918,11342.8,90.39225,152.84960148362637,-17.98304064065934,618.3552027818681,87.03079077153846,261.8922682013187,525.7515155395274,6.544180498022745
2014-06-30,1321.800048828125,11.569999694824219,79.77999877929688,85.74197387695312,105.37000274658203,39.439998626708984,0.27,2.26,0.09,2.18,237.231,11398.1,81.00762,169.59630471,-22.806057,619.86735835,88.11207581,247.36914442,557.1784669069915,6.491455906122412
2014-07-31,1281.300048828125,16.950000762939453,81.45999908447266,86.75537109375,98.16999816894531,37.220001220703125,0.29,2.29,0.08,2.17,237.498,11453.0,76.64489,172.08464181967392,-31.12251703478261,630.4179872425,89.14862940086955,244.74618656206522,539.4993005533205,6.610939419890549
2014-08-31,1285.800048828125,12.09000015258789,82.75,91.10137176513672,95.95999908447266,36.880001068115234,0.23,2.12,0.07,2.23,237.46,11477.3,71.26214,174.57297892934784,-39.43897706956522,640.968616135,90.18518299173913,242.12322870413044,541.4806909913775,6.259489686331143
2014-09-30,1210.5,16.309999465942383,85.94000244140625,90.41204833984375,91.16000366210938,34.369998931884766,0.55,1.97,0.07,2.29,237.477,11519.1,84.33692,176.9810471,-47.4871642,651.17890216,91.18829937,239.58488239,509.7335741987645,6.049530473209352
2014-10-31,1171.0999755859375,14.029999732971191,86.87999725341797,92.80071258544922,80.54000091552734,34.060001373291016,0.43,1.92,0.07,2.39,237.43,11593.1,100.20666,163.0902423952174,-59.720342326413046,653.2863359820652,91.09745973304348,254.12498502293477,493.2401025927378,5.523242583945476
2014-11-30,1175.199951171875,13.329999923706055,88.36000061035156,97.01976013183594,66.1500015258789,32.619998931884766,0.39,1.79,0.08,2.52,236.983,11634.2,88.56003,149.6475281647826,-71.55890180358696,655.3257880679348,91.00955040695652,268.1960520870652,495.9005292244064,5.807777656517166
2014-12-31,1183.9000244140625,19.200000762939453,90.2699966430664,94.84593200683594,53.27000045776367,29.90999984741211,0.49,1.68,0.06,2.51,236.252,11717.6,85.1875,135.75672346,-83.79207993,657.43322189,90.91871077,282.73615472,501.1174611914661,5.9447925425629045
2015-01-31,1278.5,20.969999313354492,94.80000305175781,92.87089538574219,48.2400016784668,28.56999969482422,0.03,1.65,0.06,2.61,234.747,11805.2,117.16063,124.49634956922222,-45.34871228977778,645.7220357416667,88.98165182766667,276.87633557255555,544.6288983458787,6.058863693535077
2015-02-28,1212.5999755859375,13.34000015258789,95.25,99.57673645019531,49.7599983215332,29.3700008392334,0.17,1.83,0.06,2.46,235.342,11922.8,100.31974,114.32568928077777,-10.625670550222225,635.1441901883334,87.23205020233334,271.5835956974445,515.2501362213025,6.483995427264944
2015-03-31,1183.0999755859375,15.289999961853027,98.36000061035156,97.22773742675781,47.599998474121094,27.729999542236328,0.18,1.76,0.06,2.55,235.976,11920.5,105.21813,103.06531539,27.81769709,623.43300404,85.29499126,265.72377655,501.36453520101094,6.1241386678062115
2015-04-30,1182.4000244140625,14.550000190734863,94.5999984741211,99.09677124023438,59.630001068115234,29.5,0.11,1.94,0.08,2.6,236.222,11954.6,109.64379,115.68979361967033,12.026325375714286,599.9897271542857,85.28922192043956,249.83342260494507,500.5461068037958,6.002110359381785
2015-05-31,1189.4000244140625,13.84000015258789,96.91000366210938,101.32490539550781,60.29999923706055,28.56999969482422,0.32,1.8,0.08,2.72,237.001,11982.6,101.01894,128.73508779032966,-4.291425395714288,575.7650077057143,85.28326026956044,233.41339019505494,501.8544328564278,5.640582572204411
2015-06-30,1171.5,18.229999542236328,95.48999786376953,98.80790710449219,59.470001220703125,29.059999465942383,0.48,1.87,0.08,2.83,237.657,12023.2,108.95279,141.35956602,-20.08279711,552.32173082,85.27749093,217.52303625,492.93730039510723,5.484247374562434
2015-07-31,1094.9000244140625,12.119999885559082,97.37000274658203,103.31136322021484,47.119998931884766,25.639999389648438,0.46,1.74,0.08,2.94,238.034,12067.0,98.91843,151.82053606217391,-35.28392062771739,592.9809084348913,84.98958426945653,246.82503071597824,459.97631616242325,5.361040775342696
2015-08-31,1131.5999755859375,28.43000030517578,95.94999694824219,96.2608871459961,49.20000076293945,25.299999237060547,0.58,1.63,0.08,3.15,238.033,12112.0,129.69532,162.2815061043478,-50.485044145434784,633.6400860497826,84.70167760891304,276.1270251819565,475.3962583280207,5.53004626523661
2015-09-30,1115.5,24.5,96.3499984741211,94.1361312866211,45.09000015258789,24.450000762939453,0.65,1.41,0.07,3.29,237.498,12173.9,138.72169,172.4050255,-65.19580884,672.98767729,84.42305826,304.48379402,469.6881657950804,5.684471877143182
2015-10-31,1141.5,15.069999694824219,96.94999694824219,104.8393325805664,46.59000015258789,24.260000228881836,0.63,1.53,0.07,3.19,237.733,12225.2,102.89402,169.14172397630435,-65.51584481706522,658.6856092252174,83.94187523228261,302.7633621425,480.16051620936094,5.452381157757635
2015-11-30,1065.800048828125,16.1299991607666,100.16999816894531,105.47764587402344,41.650001525878906,22.25,0.62,1.59,0.08,3.2,238.017,12317.0,92.10044,165.98369024369563,-65.82555705293478,644.8448981947826,83.47621423771739,301.0984280675,447.78316205486374,5.868903749290877
2015-12-31,1060.300048828125,18.209999084472656,98.62999725341797,103.79547119140625,37.040000915527344,21.469999313354492,0.73,1.54,0.2,3.23,237.761,12387.9,99.34261,162.72038872,-66.14559303,630.54283013,82.99503121,299.37799619,445.9520479927848,5.72045470062128
2016-01-31,1116.4000244140625,20.200000762939453,99.61000061035156,96.62277221679688,33.619998931884766,21.010000228881836,0.53,1.41,0.29,3.48,237.652,12518.5,119.01519,144.96097000010988,73.59628509,580.6815221672528,81.21981821307692,290.4805841863736,469.7625201614388,6.042252566665529
2016-02-29,1233.9000244140625,20.549999237060547,98.20999908447266,95.11031341552734,33.75,20.65999984741211,0.32,1.42,0.29,3.55,237.336,12603.9,114.62456,128.3473202298901,204.32255817000004,534.0370727827473,79.55913508692308,282.15719876362635,519.8958541536313,5.712584292280343
2016-03-31,1234.199951171875,13.949999809265137,94.58999633789062,101.62785339355469,38.34000015258789,21.5,0.16,1.62,0.25,3.12,238.08,12661.8,104.19081,110.58790151,344.06443629,484.17576482,77.78392209,273.25978676,518.3971569102298,6.218698880080531
2016-04-30,1289.199951171875,15.699999809265137,93.08000183105469,98.38912200927734,45.91999816894531,23.6299991607666,0.12,1.71,0.3,2.86,238.992,12743.2,84.25134,102.1273973187912,308.80156516912086,475.1705290947253,79.01917841637363,256.7842089786813,539.4322618212639,6.596623893731279
2016-05-31,1214.800048828125,14.1899995803833,95.88999938964844,102.68879699707031,49.099998474121094,23.489999771118164,0.3,1.54,0.29,2.84,239.557,12802.0,82.04127,93.3848763212088,272.3632650108791,465.8651188452747,80.29560995362637,239.75944527131867,507.1027141048373,6.838248794084745
2016-06-30,1318.4000244140625,15.630000114440918,96.13999938964844,100.34950256347656,48.33000183105469,24.729999542236328,0.09,1.4,0.3,2.92,240.222,12852.5,162.62912,84.92437213,237.10039389,456.85988312,81.53086628,223.28386749,548.8256797520886,6.897498170204264
2016-07-31,1349.0,11.869999885559082,95.52999877929688,107.52533721923828,41.599998474121094,23.15999984741211,-0.03,1.49,0.3,2.71,240.101,12911.9,121.96465,86.28105129804348,206.82834643,476.94471659130437,82.38803943902174,215.91538766076087,561.8468894340299,7.001740283417579
2016-08-31,1306.9000244140625,13.420000076293945,96.0199966430664,108.65442657470703,44.70000076293945,22.739999771118164,0.11,1.47,0.3,2.61,240.545,12989.7,91.8289,87.63773046608695,176.55629897,497.0295500626087,83.24521259804348,208.54690783152174,543.3079151152851,7.246532364597091
2016-09-30,1313.300048828125,13.289999961853027,95.45999908447266,111.05952453613281,48.2400016784668,23.469999313354492,0.0,1.6,0.29,2.69,241.176,13054.9,79.80896,88.95064579,147.26076917,516.46648568,84.07473501,201.4161209,544.5401071533341,7.236793467992997
2016-10-31,1271.5,17.059999465942383,98.44999694824219,109.4411392211914,46.86000061035156,23.399999618530273,0.11,1.73,0.31,2.61,241.741,13122.8,92.51785,96.17710277184781,35.18779436271738,533.0622527280435,84.71849521608695,261.94289731282606,525.9761480261933,7.342211170369395
2016-11-30,1170.800048828125,13.329999923706055,101.5,109.9182357788086,49.439998626708984,23.649999618530273,0.43,1.94,0.31,2.45,242.026,13208.7,169.37782,103.17044823815216,-73.26992319271739,549.1226724519565,85.34148896391305,320.5171970671739,483.7496999612128,7.239587561906324
2016-12-31,1150.0,14.039999961853027,102.38999938964844,111.16277313232422,53.720001220703125,24.229999542236328,0.5,1.95,0.55,2.28,242.637,13234.9,115.15205,110.39690522,-185.342898,565.7184395,85.98524917,381.04397348,473.9590416960315,6.837317059388592
2017-01-31,1208.5999755859375,11.989999771118164,99.51000213623047,116.87667846679688,52.810001373291016,24.239999771118164,0.4,2.05,0.56,2.23,243.618,13315.7,134.86953,104.07496444666666,-83.73200240433331,560.9493414852222,84.04995041111111,355.00962654355556,496.1045471130777,6.368175100850748
2017-02-28,1252.5999755859375,12.920000076293945,101.12000274658203,121.99009704589844,54.0099983215332,24.260000228881836,0.34,2.02,0.57,2.19,244.006,13394.8,133.33148,98.36482439333334,8.045580714333369,556.6417690847778,82.30193862888889,331.4947325364444,513.3480224199149,6.275041852125129
2017-03-31,1247.300048828125,12.369999885559082,100.3499984741211,124.46267700195312,50.599998474121094,23.520000457763672,0.43,1.97,0.82,2.24,243.892,13463.6,119.77617,92.04288362,109.65647631,551.87267107,80.36663987,305.4603856,511.41490857761835,6.332432987410952
2017-04-30,1266.0999755859375,10.819999694824219,99.05000305175781,127.85678100585938,49.33000183105469,23.079999923706055,0.37,1.92,0.83,2.28,244.193,13521.7,121.57059,93.43355567824176,94.11729386934066,551.7102577721978,81.24105700076923,287.53956093076926,518.4833208101531,6.1091405612405
2017-05-31,1272.0,10.40999984741211,96.91999816894531,132.83975219726562,48.31999969482422,22.68000030517578,0.4,1.81,0.83,2.23,244.004,13568.9,104.17097,94.87058347175824,78.06013868065934,551.5424306978023,82.14462136923076,269.0213754392308,521.3029294601729,5.990470239025147
2017-06-30,1240.699951171875,11.180000305175781,95.66000366210938,129.7606201171875,46.040000915527344,22.670000076293945,0.58,1.73,1.06,2.09,244.163,13580.5,98.75896,96.26125553,62.52095624,551.3800174,83.0190385,251.10055077,508.14412960680977,5.664267652207733
2017-07-31,1266.5999755859375,10.260000228881836,92.86000061035156,135.03060913085938,50.16999816894531,23.270000457763672,0.48,1.82,1.07,2.06,244.243,13643.1,110.7536,96.37318346282609,52.3258998173913,548.0764693479348,83.98770274793478,245.44211354902174,518.5818940915144,5.662993052920173
2017-08-31,1316.199951171875,10.59000015258789,92.66999816894531,137.83059692382812,47.22999954223633,23.309999465942383,0.36,1.76,1.07,2.14,245.183,13697.7,109.17827,96.48511139565217,42.13084339478261,544.7729212958695,84.95636699586957,239.78367632804347,536.8234955816166,5.450472297281683
2017-09-30,1281.5,9.510000228881836,93.08000183105469,137.42367553710938,51.66999816894531,23.260000228881836,0.49,1.84,1.06,2.0,246.435,13745.1,96.75077,96.59342875,32.26465976,541.57593931,85.89378401,234.30776934,520.0154198875971,5.2869037679338815
2017-10-31,1267.0,10.180000305175781,94.55000305175781,143.75396728515625,54.380001068115234,23.860000610351562,0.5,1.88,1.07,1.91,246.626,13800.1,102.16057,95.60449372336956,43.724068717826086,568.8205703721738,87.33160986641305,243.08593225184782,513.7333452271861,5.161246075532677
2017-11-30,1273.199951171875,11.279999732971191,93.01000213623047,146.5884246826172,57.400001525878906,23.690000534057617,0.56,1.86,1.07,1.88,247.284,13843.5,94.48961,94.64745982663044,54.81381932217391,595.1863423678261,88.72305424358696,251.58092861815217,514.8735668995467,4.805923368688814
2017-12-31,1306.300048828125,11.039999961853027,92.12000274658203,147.47247314453125,60.41999816894531,24.40999984741211,0.44,1.96,1.33,1.77,247.805,13881.7,111.49723,93.6585248,66.27322828,622.43097343,90.1608801,260.35909153,527.1483823280906,4.887078859681604
2018-01-31,1339.0,13.539999961853027,89.12999725341797,160.38674926757812,64.7300033569336,25.020000457763672,0.61,2.11,1.34,1.56,248.859,13900.3,123.65156,90.60634308877778,53.507061312333335,591.45674187,87.874313187,261.0205366941111,538.0556861515959,4.3903061799229315
2018-02-28,1315.5,19.850000381469727,90.61000061035156,158.31329345703125,61.63999938964844,24.489999771118164,0.75,2.12,1.35,1.68,249.529,13949.3,94.00742,87.84953380122222,41.97632985766667,563.48001659,85.809026943,261.6179710358889,527.1932320491807,4.139666139098752
2018-03-31,1322.800048828125,19.969999313354492,90.1500015258789,151.85592651367188,64.94000244140625,24.350000381469727,0.69,2.05,1.67,1.85,249.577,14012.7,136.33432,84.79735209,29.21016289,532.50578503,83.52246003,262.2794162,530.0168079703358,4.078403992988511
2018-04-30,1316.199951171875,15.930000305175781,91.83999633789062,152.6240692138672,68.56999969482422,24.989999771118164,0.78,2.17,1.69,1.79,250.227,14035.9,108.21374,107.20624883835166,29.453773706483517,534.426239619011,84.02765951241759,258.37016744725275,526.0023703165026,3.802776278130704
2018-05-31,1300.0999755859375,15.430000305175781,93.98999786376953,161.28233337402344,67.04000091552734,25.43000030517578,0.76,2.07,1.7,1.89,250.792,14092.4,124.93665,130.36210881164834,29.705504883516483,536.410709360989,84.54969897758242,254.33061040274725,518.3977063008141,3.858087243623287
2018-06-30,1251.300048828125,16.09000015258789,94.62999725341797,163.12908935546875,74.1500015258789,24.350000381469727,0.74,2.11,1.91,1.99,251.018,14137.2,108.6274,152.77100556,29.9491157,538.33116395,85.05489846,250.42136165,498.4901675689094,4.099259968336955
2018-07-31,1223.699951171875,12.829999923706055,94.48999786376953,167.6908416748047,68.76000213623047,23.739999771118164,0.84,2.12,1.91,1.83,251.214,14174.6,133.08625,182.34705775326086,-15.291865735978263,555.4763446551087,85.76262881717392,266.6979220956522,487.114552203251,3.8957421700346773
2018-08-31,1200.300048828125,12.859999656677246,95.13999938964844,177.38442993164062,69.80000305175781,23.270000457763672,0.78,2.08,1.91,1.92,251.663,14223.2,99.13562,211.92310994652175,-60.532847171956526,572.6215253602173,86.47035917434783,282.9744825413044,476.9473656549135,3.836410492272435
2018-09-30,1191.5,12.119999885559082,95.19000244140625,176.88491821289062,73.25,23.760000228881836,0.91,2.14,2.18,1.84,252.182,14245.5,102.6602,240.54509594,-104.31444211,589.21363572,87.15525952,298.72599265,472.4762274864979,3.6405700940698837
2018-10-31,1212.300048828125,21.229999542236328,97.12999725341797,161.6803741455078,65.30999755859375,23.15999984741211,1.1,2.05,2.2,2.03,252.772,14256.6,111.51257,219.5090908198913,-30.28054290771739,605.4816622059782,86.76340147597826,294.25635322097827,479.6021904436112,3.307947043861992
2018-11-30,1220.199951171875,18.06999969482422,97.2699966430664,161.25193786621094,50.93000030517578,22.950000762939453,1.04,1.97,2.2,2.27,252.594,14282.8,130.22387,199.1516665101087,41.3651659977174,621.2249136440217,86.38418401402174,289.93089570902174,483.0676703214942,3.173330443890632
2018-12-31,1278.300048828125,25.420000076293945,96.16999816894531,147.28636169433594,45.40999984741211,21.219999313354492,0.98,1.71,2.4,2.45,252.767,14386.8,166.28681,178.11566139,115.3990652,637.49294013,85.99232597,285.46125628,505.7226808990592,3.6386033410893415
2019-01-31,1319.699951171875,16.56999969482422,95.58000183105469,160.55796813964844,53.790000915527344,22.43000030517578,0.78,1.85,2.4,2.38,252.561,14459.7,201.03201,167.13319008544445,90.43978718966666,606.4993210046666,84.44875729888889,276.69788079833336,522.5272117119725,4.02437357467107
2019-02-28,1312.800048828125,14.779999732971191,96.16000366210938,165.3606414794922,57.220001220703125,22.700000762939453,0.78,1.95,2.4,2.22,253.319,14506.3,106.90066,157.21353858455555,67.89592318033333,578.5050843753334,83.0545662411111,268.78257391166665,518.2398670562118,3.993031908411182
2019-03-31,1293.0,13.710000038146973,97.27999877929688,171.85031127929688,60.13999938964844,22.65999984741211,0.53,1.88,2.43,2.26,254.277,14557.5,140.24737,146.23106728,42.93664517,547.51146525,81.51099757,260.01919843,508.50057221062076,3.8879016891819607
2019-04-30,1282.800048828125,13.119999885559082,97.4800033569336,181.30081176757812,63.90999984741211,22.549999237060547,0.56,1.95,2.45,2.14,255.233,14594.7,98.7367,173.12534124043955,53.06417988318681,551.8130910115385,81.790273180989,247.87313946406596,502.5996046076036,3.981219586916418
2019-05-31,1305.800048828125,18.709999084472656,97.75,166.3884735107422,53.5,21.56999969482422,0.4,1.74,2.4,2.37,255.296,14704.4,122.53876,200.91609099956042,63.52929908681318,556.2581042984615,82.07885797901099,235.32221186593407,511.4847270729369,4.342766313757762
2019-06-30,1409.699951171875,15.079999923706055,96.12999725341797,179.01747131347656,58.470001220703125,22.239999771118164,0.31,1.69,2.4,2.31,255.213,14802.8,150.11678,227.81036496,73.6568338,560.55973006,82.35813359,223.1761529,552.3621254292982,4.708145884616455
2019-07-31,1426.0999755859375,16.1200008392334,98.5199966430664,183.19717407226562,58.58000183105469,21.979999542236328,0.26,1.76,2.4,2.13,255.802,14886.8,149.9729,189.2785036169565,137.2461800546739,535.8560702291304,82.81900299499999,198.9391448502174,557.5014955262029,5.024480408618226
2019-08-31,1519.0999755859375,18.979999542236328,98.91999816894531,179.71725463867188,55.099998474121094,21.479999542236328,-0.05,1.55,2.13,2.26,256.036,14974.4,190.46323,150.74664227391304,200.8355263093478,511.1524103982609,83.2798724,174.70213680043477,593.3149930423602,5.281511896057145
2019-09-30,1465.699951171875,16.239999771118164,99.37999725341797,181.3668670654297,54.06999969482422,21.799999237060547,0.15,1.53,1.9,2.2,256.43,15047.0,134.36178,113.4577442,262.37360333,487.24564282,83.72587505,151.24696772,571.5789693763893,5.626338141869369
2019-10-31,1511.4000244140625,13.220000267028809,97.3499984741211,189.3108673095703,54.18000030517578,22.260000228881836,0.15,1.54,1.58,2.18,257.155,15184.1,118.48822,114.95914855956521,182.2661010342391,514.0812420605434,84.18455664684782,182.41794131576086,587.7389218230494,6.50575873630459
2019-11-30,1465.5999755859375,12.619999885559082,98.2699966430664,197.01467895507812,55.16999816894531,21.65999984741211,0.17,1.61,1.56,2.08,257.879,15296.0,131.75071,116.41212052043478,104.74271171576086,540.0511768094565,84.62844206315218,212.58339963423913,568.3285477242961,7.0938471448175555
2019-12-31,1519.5,13.779999732971191,96.38999938964844,204.67141723632812,61.060001373291016,22.84000015258789,0.15,1.77,1.55,1.98,258.63,15347.5,143.46725,117.91352488,24.63520942,566.88677605,85.08712366,243.75437323,587.5188493214245,6.677648955987436
2020-01-31,1582.9000244140625,18.84000015258789,97.38999938964844,210.89022827148438,51.560001373291016,20.8799991607666,-0.14,1.65,1.59,2.13,259.127,15427.1,131.39109,125.69882926406594,118.74969798263734,486.40775440164833,81.35479074945054,247.59365919967033,610.8587775160684,6.690318609653034
2020-02-29,1564.0999755859375,40.11000061035156,98.12999725341797,198.11569213867188,44.7599983215332,19.690000534057617,-0.28,1.41,1.58,2.38,259.25,15493.4,160.51565,132.98185594593406,206.79228405736262,411.12092769835164,77.86325351054946,251.18524930032967,603.3172519135728,6.804629712607624
2020-03-31,1583.4000244140625,53.540000915527344,99.05000305175781,183.68130493164062,20.479999542236328,16.530000686645508,-0.17,0.87,0.08,3.93,258.076,16033.0,283.14721,140.76716033,300.90677262,330.64190605,74.1309206,255.02453527,613.5402069212412,10.135668899192861
2020-04-30,1684.199951171875,34.150001525878906,99.0199966430664,211.18527221679688,18.84000015258789,16.229999542236328,-0.43,1.07,0.05,3.23,256.032,17065.3,268.61639,115.37257660802197,344.48995544967033,287.94207894010987,72.8583959065934,225.02271046230769,657.8083798790288,16.928062926952926
2020-05-31,1736.9000244140625,27.510000228881836,98.33999633789062,225.12538146972656,35.4900016784668,17.100000381469727,-0.5,1.15,0.05,3.08,255.802,17932.9,350.45982,89.13150676197802,389.5259110403297,243.81892425989008,71.5434537234066,194.0208248276923,679.0017374430467,21.956013166127164
2020-06-30,1793.0,30.43000030517578,97.38999938964844,239.27830505371094,39.27000045776367,17.59000015258789,-0.68,1.34,0.08,2.93,257.042,18184.3,231.2598,63.73692304,433.10909387,201.11909715,70.27092903,164.01900002,697.5513729273816,22.843651201124104
2020-07-31,1962.800048828125,24.459999084472656,93.48999786376953,256.85699462890625,40.27000045776367,18.889999389648438,-1.0,1.55,0.1,2.6,258.352,18335.4,305.96355,38.689351331956516,382.8293858853261,239.25277700836955,73.15345438967391,184.4481266246739,759.7386700424712,23.165488889485996
2020-08-31,1967.5999755859375,26.40999984741211,92.13999938964844,284.96923828125,42.61000061035156,20.3799991607666,-1.08,1.8,0.09,2.67,259.316,18411.2,224.42637,13.641779623913038,332.54967790065217,277.3864568667391,76.03597974934783,204.87725322934784,758.7653579362391,22.95116999679454
2020-09-30,1887.5,26.3700008392334,93.88999938964844,268.50189208984375,40.220001220703125,19.479999542236328,-0.94,1.63,0.09,2.75,259.997,18602.5,218.05829,-10.5978059,283.89189598,314.29001802,78.82552042,224.64737575,725.9699150374812,23.629294876055027
2020-10-31,1877.4000244140625,38.02000045776367,94.04000091552734,260.3262634277344,35.790000915527344,19.850000381469727,-0.82,1.7,0.09,2.61,260.319,18757.6,249.17362,13.540495346304345,145.99213705326088,372.0639213975,81.16290452913044,240.41224454152174,721.1920852546539,23.53448673283236
2020-11-30,1775.699951171875,20.56999969482422,91.87000274658203,289.5498352050781,45.34000015258789,20.690000534057617,-0.93,1.77,0.09,2.29,260.911,18997.0,246.7071,36.900141713695646,12.540757446739121,427.9741504725,83.42488915086956,255.66856917847826,680.5768829876375,24.195868200836813
2020-12-31,1893.0999755859375,22.75,89.94000244140625,303.7449035644531,48.52000045776367,21.899999618530273,-1.06,1.99,0.09,2.18,262.045,19115.7,246.1261,61.03844296,-125.35900148,485.74805385,85.76227326,271.43343797,722.4331605586588,24.552532985828314
2021-01-31,1847.300048828125,33.09000015258789,90.58000183105469,304.5387268066406,52.20000076293945,22.530000686645508,-1.02,2.13,0.07,2.17,262.687,19379.0,207.91242,79.83389380944445,-142.84864992455556,506.6318031282222,84.70650136544444,301.10799939355553,703.2323825800763,25.61660973222446
2021-02-28,1728.0999755859375,27.950000762939453,90.93000030517578,304.1321716308594,61.5,24.260000228881836,-0.71,2.15,0.07,2.12,263.579,19641.8,151.93288,96.81043006055555,-158.64575174544444,525.4945444117777,83.75290094455556,327.9108290664444,655.6288534313953,26.775272051325082
2021-03-31,1713.800048828125,19.399999618530273,93.2300033569336,309.3534240722656,59.15999984741211,23.65999984741211,-0.63,2.37,0.06,2.03,264.961,19873.2,139.8012,115.60588091,-176.13540019,546.37829369,82.69712905,357.58539049,646.8121907858608,23.95184931079648
2021-04-30,1767.300048828125,18.610000610351562,91.27999877929688,327.6356201171875,63.58000183105469,25.969999313354492,-0.76,2.41,0.05,1.96,266.614,20175.3,124.88952,146.60732394516484,-104.63906481637363,519.5835657493407,82.32853079945055,322.64125670648355,662.8684348264252,18.224115603007274
2021-05-31,1902.5,16.760000228881836,90.02999877929688,323.6999816894531,66.31999969482422,26.770000457763672,-0.84,2.42,0.05,1.99,268.383,20458.8,147.01584,178.64214841483516,-30.759518263626376,491.89568021065935,81.94764594054945,286.5323184635165,708.8750032602662,14.08528458866105
2021-06-30,1770.800048828125,15.829999923706055,92.44000244140625,343.9705505371094,73.47000122070312,27.200000762939453,-0.87,2.32,0.08,1.87,270.654,20477.0,133.57887,209.64359145,40.73681711,465.10095227,81.57904769,251.58818468,654.2670896525176,12.608128990392808
2021-07-31,1812.5999755859375,18.239999771118164,92.16999816894531,353.8112487792969,73.94999694824219,27.84000015258789,-1.16,2.4,0.07,1.95,271.903,20633.2,152.91092,169.51919013456524,16.96618713826087,483.6264959847826,82.79614728576087,255.67562855945653,666.6347835757374,12.53204184255592
2021-08-31,1815.0,16.479999542236328,92.62999725341797,368.7373352050781,68.5,27.600000381469727,-1.03,2.33,0.06,1.94,272.676,20840.6,133.81455,129.39478881913044,-6.804442833478255,502.15203969956525,84.01324688152174,259.76307243891307,665.6251375258548,13.195228991048925
2021-09-30,1755.300048828125,23.139999389648438,94.25,347.7814636230469,75.02999877929688,29.25,-0.85,2.37,0.06,1.85,273.91,20981.0,142.06763,90.56472303,-29.80827829,520.07998523,85.1910852,263.71866329,640.8309476938136,12.785915871522647
2021-10-31,1783.0,16.260000228881836,94.12000274658203,375.1310119628906,83.56999969482422,30.229999542236328,-0.96,2.51,0.07,1.69,276.55,21160.6,121.9515,71.60536069554348,-27.6529484975,587.7201443590218,86.03669163902174,285.22583646326086,644.7297052974146,12.810807352753017
2021-11-30,1773.5999755859375,27.190000534057617,95.98999786376953,382.621826171875,66.18000030517578,27.610000610351562,-1.07,2.5,0.07,1.81,278.919,21335.7,151.28684,53.257590694456525,-25.567145472500002,653.1783628709783,86.85502045097826,306.03922985673915,635.8835273272663,12.310891193346318
2021-12-31,1827.5,17.219999313354492,95.66999816894531,387.03094482421875,75.20999908447266,28.700000762939453,-1.04,2.56,0.07,1.85,280.845,21498.7,166.24265,34.29822836,-23.41181568,720.818522,87.70062689,327.54640303,650.7148071000017,12.466192710703773
2022-01-31,1795.0,24.829999923706055,96.54000091552734,353.1772766113281,88.1500015258789,31.6200008392334,-0.65,2.44,0.08,1.93,282.543,21650.0,139.23758,50.87914808833334,78.31302820355555,651.1465353531112,85.94822694622222,314.4010266127778,635.3015293247399,11.718870942773108
2022-02-28,1899.4000244140625,30.149999618530273,96.70999908447266,337.3691711425781,95.72000122070312,33.939998626708984,-0.79,2.62,0.08,2.34,284.5,21724.8,138.05353,65.85546268166667,170.19353235644445,588.216999026889,84.36541409377777,302.5277833972222,667.6274251016036,10.604934374649977
2022-03-31,1949.199951171875,20.559999465942383,98.30999755859375,353.1172180175781,100.27999877929688,36.90999984741211,-0.52,2.84,0.33,1.93,287.674,21786.9,190.01241,82.43638241,271.91837624,518.54501238,82.61301415,289.38240698,677.5725130431931,9.629551355594469
2022-04-30,1909.300048828125,33.400001525878906,102.95999908447266,305.1082763671875,104.69000244140625,38.599998474121094,0.01,2.88,0.33,2.05,288.561,21769.4,154.66196,107.53447428582417,166.4178605751648,511.96744623494504,81.59281479505495,280.89326342395606,661.6625423491481,7.901245582469674
2022-05-31,1842.699951171875,26.190000534057617,101.75,300.2674255371094,114.66999816894531,39.459999084472656,0.21,2.64,0.83,2.18,291.298,21719.2,168.00083,133.46916922417583,57.400661054835155,505.17062788505496,80.53860879494505,272.1211484160439,632.5824245864629,6.160674135335409
2022-06-30,1804.0999755859375,28.709999084472656,104.69000244140625,273.51995849609375,105.76000213623047,34.79999923706055,0.65,2.33,1.58,2.31,294.957,21651.1,145.97594,158.5672611,-48.09985461,498.59306174,79.51840944,263.63200486,611.6484692975374,5.733750061044085
2022-07-31,1762.9000244140625,21.329999923706055,105.9000015258789,307.8514709472656,98.62000274658203,36.220001220703125,0.14,2.53,2.32,2.36,294.913,21652.5,186.92141,259.09527169380436,-114.01991326836958,528.1100971272826,79.2713912201087,292.9150152528261,597.7695199648922,4.940096543434858
2022-08-31,1712.800048828125,25.8700008392334,108.69999694824219,292.0519714355469,89.55000305175781,36.15999984741211,0.67,2.48,2.33,2.18,295.097,21638.9,163.23982,359.62328228760873,-179.93997192673913,557.6271325145652,79.02437300021738,322.1980256456522,580.4193362955656,3.8305039202326308
2022-09-30,1662.4000244140625,31.6200008392334,112.12000274658203,261.28271484375,79.48999786376953,32.90999984741211,1.68,2.15,3.08,2.24,296.349,21536.7,174.18347,456.90845383,-243.73357708,586.19200547,78.78532311,350.5364228,560.9602274392904,2.648586816643639
2022-10-31,1635.9000244140625,25.8799991607666,111.52999877929688,271.7336120605469,86.52999877929688,33.52000045776367,1.58,2.52,3.08,2.28,298.007,21461.4,177.42313,431.7002874643478,-191.6491431028261,592.5414676097827,77.12980719695652,347.05541224902174,548.9468450117153,1.4215097870570848
2022-11-30,1746.0,20.579999923706055,105.94999694824219,286.7989501953125,80.55000305175781,34.86000061035156,1.34,2.34,3.83,2.15,298.786,21406.3,171.73726,407.30528775565216,-141.2448521571739,598.6861083902173,75.52769502304348,343.68669236097827,584.3647292711172,0.3309007906935335
2022-12-31,1819.699951171875,21.670000076293945,103.5199966430664,260.94781494140625,80.26000213623047,33.709999084472656,1.58,2.3,4.33,1.99,298.832,21290.8,136.43315,382.09712139,-89.16041818,605.03557053,73.87217911,340.20568181,608.9374468503624,-0.9670352160828344
2023-01-31,1929.5,19.399999618530273,102.0999984741211,288.7203674316406,78.87000274658203,33.5099983215332,1.28,2.24,4.33,1.9,300.42,21279.4,139.12464,350.51903108566665,-68.25498381966666,581.0438845904443,73.517351064,329.25101629644445,642.267492177618,-1.7117782909930601
2023-02-28,1828.9000244140625,20.700000762939453,104.87000274658203,287.68157958984375,77.05000305175781,31.600000381469727,1.49,2.43,4.57,1.9,301.45,21242.6,120.13662,321.9968850043333,-49.37265601033333,559.3739747095556,73.196861216,319.3564797035555,606.7009535292959,-2.2195831492119678
2023-03-31,1969.0,18.700000762939453,102.51000213623047,314.99041748046875,75.66999816894531,31.59000015258789,1.16,2.32,4.83,2.11,301.821,20946.7,147.9425,290.4187947,-28.46722165,535.38228877,72.84203317,308.40181419,652.3734266336669,-3.8564458458982265
2023-04-30,1990.0999755859375,15.779999732971191,101.66999816894531,316.59027099609375,76.77999877929688,31.290000915527344,1.26,2.18,4.83,2.08,302.845,20761.3,127.42137,252.81083319560437,-25.951564684065932,524.1881391732967,72.82592812164835,298.3097957812088,657.1348298918382,-4.6308120572914335
2023-05-31,1963.9000244140625,17.940000534057617,104.31999969482422,341.54962158203125,68.08999633789062,29.260000228881836,1.46,2.18,5.08,2.16,303.334,20829.6,156.19287,213.9492729743956,-23.352052485934067,512.6208512567033,72.80928623835165,287.8813767587912,647.4381455471732,-4.095915134995776
2023-06-30,1921.0999755859375,13.59000015258789,102.91000366210938,363.080322265625,70.63999938964844,30.56999969482422,1.59,2.22,5.08,1.88,304.014,20799.2,141.05706,176.34131147,-20.83639552,501.42670166,72.79318119,277.78935835,631.9116802469417,-3.9346730651098505
2023-07-31,1970.5,13.630000114440918,101.86000061035156,377.0956115722656,81.80000305175781,32.790000915527344,1.6,2.37,5.33,1.77,304.609,20791.1,113.79255,240.67413969108694,-60.56390390619565,529.4912516109782,74.31751622597827,285.04324190119564,646.8948717864541,-3.9782934995958974
2023-08-31,1938.199951171875,13.569999694824219,103.62000274658203,371.50323486328125,83.62999725341797,32.470001220703125,1.85,2.24,5.33,1.83,306.082,20777.0,84.49314,305.0069679121739,-100.29141229239129,557.5558015619565,75.84185126195652,292.2971254523913,633.2289880397655,-3.9831045016151534
2023-09-30,1848.0999755859375,17.520000457763672,106.16999816894531,352.63140869140625,90.79000091552734,32.13999938964844,2.24,2.35,5.33,1.78,307.276,20747.6,108.39746,367.26454361,-138.73738815,584.71504345,77.3170142,299.31701276,601.4462488401103,-3.6639782325054493
2023-10-31,1985.199951171875,18.139999389648438,106.66000366210938,345.34783935546875,81.0199966430664,32.29999923706055,2.46,2.42,5.33,1.85,307.696,20733.1,117.69793,316.5611878495652,-110.60905158141304,585.3743986070652,78.963386535,305.67383792880435,645.182241943956,-3.3935344385734534
2023-11-30,2038.0999755859375,12.920000076293945,103.5,382.7104187011719,75.95999908447266,31.34000015258789,2.14,2.23,5.33,1.67,308.148,20746.6,125.4752,267.4934242104348,-83.38808070858695,586.0124842429348,80.556650085,311.82560422119565,661.402954290126,-3.0818030206060887
2023-12-31,2062.39990234375,12.449999809265137,101.33000183105469,404.09234619140625,71.6500015258789,30.389999389648438,1.72,2.16,5.33,1.61,308.741,20777.9,105.77133,216.79006845,-55.25974414,586.6718394,82.20302242,318.18242939,668.0032461978649,-2.4090217370883127
2024-01-31,2048.39990234375,14.350000381469727,103.2699966430664,411.4435729980469,75.8499984741211,30.510000228881836,1.73,2.26,5.33,1.61,309.698,20843.7,121.96395,249.65545446153845,-74.76953080461539,570.3075081205494,81.52731142747253,320.0785401998901,661.4185116932464,-2.0475201368459706
2024-02-29,2045.699951171875,13.399999618530273,104.16000366210938,433.181640625,78.26000213623047,29.940000534057617,1.92,2.33,5.33,1.55,310.967,20926.7,87.23672,280.4004929884615,-93.02062155538462,554.9989401494505,80.89519469252747,321.8523212801099,657.8511389220963,-1.4871060981235695
2024-03-31,2217.39990234375,13.010000228881836,104.55000305175781,438.7045593261719,83.16999816894531,31.100000381469727,1.88,2.32,5.33,1.5,312.345,20973.4,93.20401,313.265879,-112.53040822,538.63460887,80.2194837,323.74843209,709.9200891142007,0.12746637895229007
2024-04-30,2291.39990234375,15.649999618530273,106.22000122070312,419.5165100097656,81.93000030517578,32.0099983215332,2.28,2.41,5.33,1.44,313.023,20959.6,106.48626,279.7231471043956,-77.5711288276923,498.57359908098897,80.22629556593407,308.9217889097802,732.0228552993709,0.9551425007104486
2024-05-31,2322.89990234375,12.920000076293945,104.66999816894531,445.324462890625,76.98999786376953,32.70000076293945,2.16,2.35,5.33,1.46,313.175,21020.6,103.8162,245.06232414560438,-41.446540122307695,457.17722229901096,80.23333449406593,293.6009242902198,741.7258409335834,0.9169643200061417
2024-06-30,2327.699951171875,12.4399995803833,105.87000274658203,474.1375427246094,81.54000091552734,32.060001373291016,2.08,2.28,5.33,1.55,313.044,21068.4,115.8524,211.51959225,-6.48726073,417.11621251,80.24014636,278.77428111,743.5695784528294,1.2942805492518916
2024-07-31,2426.5,16.360000610351562,104.0999984741211,466.1809997558594,77.91000366210938,30.729999542236328,1.85,2.24,5.33,1.68,313.569,21095.3,116.29613,207.9749862570652,27.94718547576087,460.7295690429348,81.14383612086957,278.044771308587,773.8328725097186,1.463126049126795
2024-08-31,2493.800048828125,15.0,101.69999694824219,471.3270568847656,73.55000305175781,30.610000610351562,1.76,2.15,5.33,1.69,314.062,21186.7,112.31229,204.43038026413043,62.38163168152174,504.3429255758696,82.04752588173912,277.3152615071739,794.0470508460511,1.9718919959570647
2024-09-30,2636.10009765625,16.729999542236328,100.77999877929688,483.6833190917969,68.16999816894531,32.2400016784668,1.63,2.18,4.83,1.63,314.732,21269.5,105.89523,201.0001164,95.7052893,546.54939964,82.92206436,276.60928428,837.5697729040104,2.515471669012337
2024-10-31,2738.300048828125,23.15999984741211,103.9800033569336,479.5012512207031,69.26000213623047,31.75,1.95,2.33,4.83,1.46,315.631,21331.9,95.29997,256.7952636195652,70.32894844315219,539.0453811895652,82.8957490698913,294.4004775467391,867.5637211896566,2.8881353970221735
2024-11-30,2657.0,13.510000228881836,105.73999786376953,505.1585388183594,68.0,31.729999542236328,1.92,2.26,4.58,1.44,316.528,21452.2,160.52062,310.7905673804348,45.771199226847834,531.7834278504348,82.8702826601087,311.61776135326085,839.4202092705857,3.4010392064242057
2024-12-31,2629.199951171875,17.350000381469727,108.48999786376953,507.4521484375,71.72000122070312,32.09000015258789,2.24,2.34,4.33,1.42,317.604,21485.8,156.89088,366.5857146,20.39485837,524.2794094,82.84396737,329.40895462,827.8233117882254,3.4069853065035405
2025-01-31,2812.5,16.43000030517578,108.37000274658203,518.4303588867188,72.52999877929688,33.59000015258789,2.16,2.42,4.33,1.45,318.961,21548.1,167.38864,321.9498573814445,92.56949816355555,493.3993113687778,82.01896902344444,330.8627648991111,881.7692445157872,3.379438391456402
2025-02-28,2836.800048828125,19.6299991607666,107.61000061035156,504.4147033691406,69.76000213623047,33.90999984741211,1.86,2.38,4.33,1.57,319.679,21613.4,228.61916,281.6335992485556,157.75949539644446,465.5076099212222,81.27380922655556,332.1758838608889,887.3901785316286,3.2814538364864143
2025-03-31,3122.800048828125,22.280000686645508,104.20999908447266,466.1488952636719,71.4800033569336,35.310001373291016,1.85,2.38,4.33,1.76,319.785,21693.6,297.08402,236.99774203,229.93413519,434.62751189,80.44881088,333.62969414,976.5311221064543,3.433873382474939
2025-04-30,3305.0,24.700000762939453,99.47000122070312,472.6601867675781,58.209999084472656,33.279998779296875,1.94,2.23,4.33,1.96,320.302,21775.8,460.11432,217.96068950582418,210.54144155373626,408.34798394164835,79.85483241736263,326.67763209714286,1031.8387022247753,3.894158285463467
2025-05-31,3288.89990234375,18.56999969482422,99.33000183105469,516.042236328125,60.790000915527344,33.08000183105469,2.07,2.34,4.33,1.84,320.62,21833.9,364.0518,198.28906856417584,190.50232479626374,381.1924717283516,79.24105467263736,319.4938346528572,1025.7937441032218,3.8690617774944647
2025-06-30,3294.39990234375,16.729999542236328,96.87999725341797,548.9959716796875,65.11000061035156,33.97999954223633,1.95,2.29,4.33,1.75,321.435,21938.7,253.81813,179.25201604,171.10963116,354.91294378,78.64707621,312.54177261,1024.9039159841805,4.13083100757532
2025-07-31,3293.199951171875,16.719999313354492,100.02999877929688,562.3018188476562,69.26000213623047,33.7599983215332,1.98,2.39,4.33,1.67,322.169,22020.4,251.757,195.08907232108697,189.47008443880435,377.05942336576084,79.6758450202174,317.8400769611957,1022.1964097017017,4.3853370181983875
2025-08-31,3473.699951171875,15.359999656677246,97.7699966430664,567.666015625,64.01000213623047,34.529998779296875,1.82,2.41,4.33,1.8,323.291,22087.1,254.12744,210.92612860217392,207.8305377176087,399.20590295152175,80.70461383043478,323.1383813123913,1074.480870538269,4.249835982007566
2025-09-30,3840.800048828125,16.280000686645508,97.7699966430664,598.18505859375,62.369998931884766,35.439998626708984,1.8,2.36,4.09,1.67,324.245,22170.4,224.23756,226.2523121,225.59871831,420.63797997,81.70019655,328.26577262,1184.5363995830699,4.2356425868027126
2025-10-31,3982.199951171875,17.440000534057617,99.80000305175781,626.7806396484375,60.97999954223633,36.54999923706055,1.81,2.3,3.86,1.69,324.245,22245.1,217.50845,219.98133165945654,208.52856758217393,426.4747893141304,81.84017932108696,361.8659455722826,1228.1453688327883,4.28091262381689
2025-11-30,4218.2998046875,16.350000381469727,99.45999908447266,616.9962768554688,58.54999923706055,37.81999969482422,1.79,2.23,3.89,1.78,325.063,22277.3,218.76603,213.91264091054347,192.00906687782611,432.12331448586957,81.97564651891304,394.3822419777174,1297.68684983757,3.8462255619470254
2025-12-31,4325.60009765625,14.949999809265137,98.27999877929688,612.8628540039062,57.41999816894531,37.61000061035156,1.93,2.25,3.64,1.72,326.031,22353.4,205.27646,207.64166047,174.93891615,437.96012383,82.11562929,427.98241493,1326.7450327288661,4.03801580578802
2026-01-31,4713.89990234375,17.440000534057617,96.98999786376953,620.4050903320312,65.20999908447266,42.459999084472656,1.9,2.36,3.64,1.62,326.588,22429.3,265.51325,220.04940153166666,136.0402186428889,402.49173166733334,81.94422518188888,443.69344035511114,1443.3781713791534,4.0894556828676265
2026-02-28,5230.5,19.860000610351562,97.61000061035156,605.859375,67.0199966430664,42.689998626708984,1.72,2.25,3.64,1.8,327.46,22626.9,263.31012,231.25639345833335,100.90591121711111,370.45576455266666,81.78940856811111,457.88404396488886,1597.2943260245527,4.689220576124065
2026-03-31,4647.60009765625,25.25,99.95999908447266,576.54638671875,101.37999725341797,48.13999938964844,2.0,2.3,3.64,1.79,330.293,22686.2,263.58205,243.66413452,62.00721371,334.98737239,81.61800446,473.59506939,1407.1143190004782,4.575543017295436
2026-04-30,4614.7001953125,16.889999389648438,98.08000183105469,667.0069580078125,105.06999969482422,50.43000030517578,1.94,2.46,3.64,1.7,332.407,22804.5,218.38129,243.66413452,62.00721371,334.98737239,81.61800446,473.59506939,1388.2680555200402,4.72405146998045
2026-05-31,4560.5,15.319999694824219,98.91000366210938,737.49951171875,87.36000061035156,48.38999938964844,2.07,2.38,3.62,1.57,333.979,23052.3,228.67851,243.66413452,62.00721371,334.98737239,81.61800446,473.59506939,1365.5050167824922,5.580313182711283
2026-06-30,4030.5,18.6299991607666,101.43000030517578,710.6199951171875,71.91999816894531,43.15999984741211,2.23,2.21,3.63,1.52,333.979,23052.3,228.67851,243.66413452,62.00721371,334.98737239,81.61800446,473.59506939,1206.81240437273,5.075961656798245
